1,XMN,鼓浪屿,http://i3.sinaimg.cn/blog/2014/1029/S129809T1414550868715.jpg,4,海边,0,1,全天,3,鼓浪屿是厦门最大的一个卫星岛之一，由于历史原因，中外风格各异的建筑物在此地被完好地汇集、保留，现成为著名的风景区。,福建省厦门市思明区,118.073486,24.452265
2,XMN,厦门大学,http://i3.sinaimg.cn/blog/2014/1029/S129809T1414550868715.jpg,4,学校,0,1,全天,3,被誉为“中国最美丽的校园之一，校园依山傍海。,厦门市思明区思明南路422号,118.104774,24.44331405
3,XMN,南普陀寺,http://i3.sinaimg.cn/blog/2014/1029/S129809T1414550868715.jpg,4,宗教场所,0,1,全天,3,香火很旺盛，据说是一个很灵验的寺庙，游人络绎不绝。建筑精美。,福建省 厦门市 思明区思明南路515号,118.1027343,24.44656927
4,XMN,环岛路,http://i3.sinaimg.cn/blog/2014/1029/S129809T1414550868715.jpg,5,海边,0,1,全天,3,厦门集旅游观光和休闲娱乐为一体的滨海走廊，风景优美，沙滩也很细腻。,思明区环岛路沿线,118.1128016,24.43713693
5,XMN,日光岩,http://i3.sinaimg.cn/blog/2014/1029/S129809T1414550868715.jpg,4,其他,0,1,全天,3,由两块巨石一竖一横相倚而立，海拔92.7米，为鼓浪屿最高峰。,中国福建省厦门市思明区晃右路晃岩路56-64,118.0739667,24.44861075
6,XMN,曾厝垵,http://i3.sinaimg.cn/blog/2014/1029/S129809T1414550868715.jpg,4,乡村,0,1,全天,3,曾厝是厦门最美的渔村，交通便利，比较安静和悠闲，商业气氛很浓。 ,福建省厦门市思明区,118.132097,24.43360002
7,XMN,中山路,http://i3.sinaimg.cn/blog/2014/1029/S129809T1414550868715.jpg,4,其他,0,1,全天,3,中山路的中华城晚上特别美丽，有着浓郁的南洋风情，给人感觉很干净。, 福建省厦门市思明区,118.0874577,24.46038957
8,XMN,厦门海底世界,http://i3.sinaimg.cn/blog/2014/1029/S129809T1414550868715.jpg,4,展馆,0,1,全天,3,厦门海底世界坐落在鼓浪屿东岸黄家渡，原为鼓浪屿公园，紧靠轮渡码头。 , 厦门市思明区鼓浪屿龙头路2号,118.077839,24.45208005
9,XMN,菽庄花园,http://i3.sinaimg.cn/blog/2014/1029/S129809T1414550868715.jpg,4,其他,0,1,全天,3,既有江南园林的精巧，又有波涛汹涌的壮观。空气挺清新的，美景相互映衬。 ,思明区鼓浪屿港仔後路7号,118.0758912,24.44517934
10,XMN,胡里山炮台,http://i3.sinaimg.cn/blog/2014/1029/S129809T1414550868715.jpg,4,历史遗址,0,1,全天,3,胡里山炮台位于福建厦门岛东南，毗邻厦门大学园区。学生有优惠，门票便宜。, 福建省厦门市思明区胡里山上,118.1130078,24.43509123
11,XMN,钢琴博物馆,http://i3.sinaimg.cn/blog/2014/1029/S129809T1414550868715.jpg,4,展馆,0,1,全天,3,鼓浪屿钢琴博物馆堪称世界一流，里面的钢琴很漂亮。历史都很悠久。,福建省厦门市思明区港后路7号,118.0760871,24.44470432
12,XMN,集美学村,http://i3.sinaimg.cn/blog/2014/1029/S129809T1414550868715.jpg,4,乡村,0,1,全天,3,集美学村是传统的闽南建筑，还附有悠久的历史感，而且中国最美的学村。 , 福建省 厦门市 集美区嘉庚路,118.0990926,24.57256529
13,XMN,厦门台湾小吃街,http://i3.sinaimg.cn/blog/2014/1029/S129809T1414550868715.jpg,4,其他,0,1,全天,3,南方的美食就是比北方精致，康熙推荐过，而且很有特色。东西挺便宜。, 厦门市思明区人和路,118.081912,24.46276302
14,XMN,皓月园,http://i3.sinaimg.cn/blog/2014/1029/S129809T1414550868715.jpg,4,公园,0,1,全天,3,座落在鼓浪屿东南，濒临鹭江，是一座郑成功纪念园。,厦门思明区鼓浪屿东部覆鼎岩海滨,118.08247,24.44764306
15,XMN,五老峰,http://i3.sinaimg.cn/blog/2014/1029/S129809T1414550868715.jpg,4,山峰,0,1,全天,3,五老峰，得名于白云缭绕之时，其形状酷似五个须发皆白的老人翘首遥望茫茫大海。等山眺望，大海无边，俯瞰厦门市景，大有壮阔之感。,厦门市思明区思明南路南普陀寺后,118.105696,24.45237602
16,XMN,万石植物园,http://i3.sinaimg.cn/blog/2014/1029/S129809T1414550868715.jpg,4,自然保护区,0,1,全天,3,空气清新，植物园面积很大，可以乘坐电瓶车游览，也可以爬山。 , 厦门市思明区虎园路25号,118.100411,24.460121
17,XMN,观音山,http://i3.sinaimg.cn/blog/2014/1029/S129809T1414550868715.jpg,4,海边,0,1,全天,3,,位于厦门东部，紧临环岛路,118.0132164,24.8712233
18,XMN,港仔后海滨浴场,http://i3.sinaimg.cn/blog/2014/1029/S129809T1414550868715.jpg,4,海边,0,1,全天,3,, 福建厦门市鼓浪屿菽庄花园边,118.0745237,24.44597517
19,XMN,鼓浪屿音乐厅,http://i3.sinaimg.cn/blog/2014/1029/S129809T1414550868715.jpg,4,现代建筑,0,1,全天,3,许多世界音乐名家和艺术团体曾来鼓浪屿音乐厅演出，很浪漫的地方。 ,福建省厦门市思明区鼓浪屿晃岩路1号,118.077774,24.44942301
20,XMN,白鹭洲公园,http://i3.sinaimg.cn/blog/2014/1029/S129809T1414550868715.jpg,4,公园,0,1,全天,3,内有400只从荷兰引进的广场鸽，这里是厦门最大的全开放广场公园。,厦门市白鹭洲路,118.096068,24.47896881
21,XMN,沙雕文化公园,http://i3.sinaimg.cn/blog/2014/1029/S129809T1414550868715.jpg,4,公园,0,1,全天,3,亚洲最大的沙雕文化公园，每年4月份举办全国沙滩排球锦标赛。, 思明区环岛路观音山商业街21号,118.2052499,24.4999062
22,XMN,白城沙滩,http://i3.sinaimg.cn/blog/2014/1029/S129809T1414550868715.jpg,4,海边,0,1,全天,3,环境还不错，是挺漂亮的。是个不错的地方。交通很方便。,环岛南路(近胡里山炮台),118.109838,24.437918
23,XMN,厦门大桥,http://i3.sinaimg.cn/blog/2014/1029/S129809T1414550868715.jpg,4,现代建筑,0,1,全天,3,我国第一座跨越海峡的公路大桥，每当夜幕来临，大桥上灯火辉煌，景色迷人。, 厦门市集美区和湖里区中间,118.108023,24.56371806
24,XMN,郑成功纪念馆,http://i3.sinaimg.cn/blog/2014/1029/S129809T1414550868715.jpg,4,历史建筑,0,1,全天,3,郑成功纪念馆是1962年为纪念郑成功收复台湾300周年而建立。,福建省厦门市鼓浪屿日光岩,118.0733301,24.44901338
25,XMN,陈嘉庚纪念胜地,http://i3.sinaimg.cn/blog/2014/1029/S129809T1414550868715.jpg,4,公园,0,1,全天,3,陈嘉庚：一个生前曾被毛泽东称誉为“华侨旗帜、民族光辉”。厦门大学、集美大学（前身为集美学村各校）两校师生都尊称其为“校主”的人。,福建厦门市集美区嘉庚路149号,118.111945,24.57178604
26,XMN,野山谷,http://i3.sinaimg.cn/blog/2014/1029/S129809T1414550868715.jpg,4,山峰,0,1,全天,3,有“闽南绿肺”之称，有原生态自然、千亩茶园，诗画美景尽现。 ,厦门市同安小坪与安溪龙门隧道交界处,118.054687,24.87961002
27,XMN,海湾公园,http://i3.sinaimg.cn/blog/2014/1029/S129809T1414550868715.jpg,4,公园,0,1,全天,3,公园分为天园、地园、林园、草园、水花园、滨海风光和星光大道7大景区。, 海湾公园位于厦门市中心区域西海岸,118.0830309,24.47987731
28,XMN,万国建筑博览,http://i3.sinaimg.cn/blog/2014/1029/S129809T1414550868715.jpg,4,历史建筑,0,1,全天,3,这里是鼓浪屿中西文化交流的精萃景观。中国传统建筑，如宗教建筑、园林建筑、居民建筑等，在鼓浪屿都可以找到其影子。, ,118.0750908,24.45340806
29,XMN,日月谷温泉,http://i3.sinaimg.cn/blog/2014/1029/S129809T1414550868715.jpg,4,峡谷,0,1,全天,3,园区里有泉源文化区、明潭岛、孔雀园等景点可供游客观赏，互动体验。 ,厦门市海沧区孚莲路1888-1889号,117.94824,24.56524502
30,XMN,厦门中山公园,http://i3.sinaimg.cn/blog/2014/1029/S129809T1414550868715.jpg,4,公园,0,1,全天,3,一个集休闲、展览、科普、娱乐于一体的综合性文化公园，规模颇大、设计精巧、布局优美、中西合璧。,厦门市思明区公园南路,118.0958982,24.46509795
31,XMN,毓园,http://i3.sinaimg.cn/blog/2014/1029/S129809T1414550868715.jpg,4,公园,0,1,全天,3,毓园的建筑，布局自然雅致，园中立着林巧稚大夫的汉白玉雕像，。,福建厦门鼓浪屿东南部复兴路,118.0796609,24.44699979
32,XMN,世界名人蜡像馆,http://i3.sinaimg.cn/blog/2014/1029/S129809T1414550868715.jpg,4,现代建筑,0,1,全天,3,蜡像塑造得非常逼真，人物比较丰富。是鼓浪屿众多景点中的一个。, 福建省厦门市思明区鹿礁路111号,118.08154,24.45076905
33,XMN,天竺山国家森林公园,http://i3.sinaimg.cn/blog/2014/1029/S129809T1414550868715.jpg,4,公园,0,1,全天,3,厦门后花园，奇岩怪石、湖光山色、唐代真寂寺遗址组成公园美景。,厦门市海沧区东孚镇洪塘村天竺山路1号,117.931991,24.586314
34,XMN,芙蓉隧道,http://i3.sinaimg.cn/blog/2014/1029/S129809T1414550868715.jpg,4,其他,0,1,全天,3,色彩很好，对于这样文艺范的东西都很心动，不过隧道太长了。艺术气息浓厚。,思明区思明南路422号厦门大学,118.109187,24.441571
35,XMN,厦门方特梦幻王国,http://i3.sinaimg.cn/blog/2014/1029/S129809T1414550868715.jpg,4,其他,0,1,全天,3,,厦门市同安区石浔南路1111号（中洲大桥附近）,118.18756,24.68876201
36,XMN,厦门博物馆,http://i3.sinaimg.cn/blog/2014/1029/S129809T1414550868715.jpg,4,展馆,0,1,全天,3,博物馆主楼八卦楼巍峨壮观，是近代厦门的标志性风貌建筑。,思明区鼓浪屿鼓新路43号,118.1162996,24.49708576
37,XMN,快乐谷,http://i3.sinaimg.cn/blog/2014/1029/S129809T1414550868715.jpg,4,公园,0,1,全天,3,既有惊险刺激的各种滑道，又有悠然自得的戏水天地，是老少皆宜的新型消暑开心乐园。,福建省厦门市湖里区华荣路1719号,118.113879,24.512171
38,XMN,琴园,http://i3.sinaimg.cn/blog/2014/1029/S129809T1414550868715.jpg,4,公园,0,1,全天,3,岛上的小吃真是多，很有特色，强烈推荐，地方很大很美，风景很不错。, 福建厦门市鼓浪屿英雄山,118.071439,24.44786502
39,XMN,厦门大学情人谷,http://i3.sinaimg.cn/blog/2014/1029/S129809T1414550868715.jpg,4,学校,0,1,全天,3,厦大的情人真幸福，是厦门大学的最浪漫的地方之一。山顶水库，茂密丛林。,,118.101747,24.440044
40,XMN,钢琴码头,http://i3.sinaimg.cn/blog/2014/1029/S129809T1414550868715.jpg,4,现代建筑,0,1,全天,3,如同一架三角钢琴的钢琴码头，是钢琴之岛迎接游人的起点，踏上码头的一瞬间，你将会感受到琴岛非同凡响的音乐气质。,厦门市鼓浪屿岛东,118.079932,24.45258999
41,XMN,鸿山公园,http://i3.sinaimg.cn/blog/2014/1029/S129809T1414550868715.jpg,4,公园,0,1,全天,3,集名胜古迹、现代园林、游乐设施于一体，其中“鸿山织雨”奇观为厦门八大景之一。,福建省 厦门市 思明区思明南路中段,118.0930416,24.45362927
42,XMN,风琴博物馆,http://i3.sinaimg.cn/blog/2014/1029/S129809T1414550868715.jpg,4,其他,0,1,全天,3,国内唯一一家，世界上最大的风琴博物馆，还是很有看头的。鼓浪屿特别美。, 福建省厦门市思明区鼓浪屿路43号,118.075009,24.45342805
43,XMN,厦门轮渡码头,http://i3.sinaimg.cn/blog/2014/1029/S129809T1414550868715.jpg,4,其他,0,1,全天,3,, 福建省厦门市思明区,118.0792668,24.46129878
44,XMN,椰风寨,http://i3.sinaimg.cn/blog/2014/1029/S129809T1414550868715.jpg,4,其他,0,1,全天,3,海域很干净。很好玩的一个地方，是环岛路上一道美丽的风景。 ,福建省厦门市思明区环岛南路,118.175643,24.45391101
45,XMN,观海园,http://i3.sinaimg.cn/blog/2014/1029/S129809T1414550868715.jpg,4,其他,0,1,全天,3,园里有中国传统的园林幽处，又有西洋别墅的开敞风格，四季均有不同感受。,福建省厦门市鼓浪屿田尾路8号,118.0780875,24.44409796
46,XMN,翠丰温泉,http://i3.sinaimg.cn/blog/2014/1029/S129809T1414550868715.jpg,4,休闲度假,0,1,全天,3,自然天成的山地景观与人工雕凿的植被景观浑然一体，温泉泡着很舒服。,福建省厦门市同安区汀溪街777号,118.1381653,24.7987368
47,XMN,厦门科技馆,http://i3.sinaimg.cn/blog/2014/1029/S129809T1414550868715.jpg,4,展馆,0,1,全天,3,服务很热情周到，而且科技馆真是很好玩，好玩的地方。,思明区体育路95号文化艺术中心内,118.114462,24.49639203
48,XMN,嘉庚公园,http://i3.sinaimg.cn/blog/2014/1029/S129809T1414550868715.jpg,4,公园,0,1,全天,3,,厦门市集美区嘉庚路24号,118.112837,24.57318302
49,XMN,铁路文化公园,http://i3.sinaimg.cn/blog/2014/1029/S129809T1414550868715.jpg,4,公园,0,1,全天,3,,厦门市思明区虎园路（万石湖西北面）,118.100471,24.46108103
50,XMN,万石山,http://i3.sinaimg.cn/blog/2014/1029/S129809T1414550868715.jpg,4,其他,0,1,全天,3,,福建省 厦门市 思明区狮山北麓,118.1005667,24.45194634
51,XMN,萤火虫主题公园,http://i3.sinaimg.cn/blog/2014/1029/S129809T1414550868715.jpg,5,其他,0,1,全天,3,, 福建厦门市文曾路怡情谷,118.132035,24.44776699
52,XMN,台湾民俗村,http://i3.sinaimg.cn/blog/2014/1029/S129809T1414550868715.jpg,4,公园,0,1,全天,3,,思明区环岛路35号,118.1467677,24.43650044
53,XMN,南湖公园,http://i3.sinaimg.cn/blog/2014/1029/S129809T1414550868715.jpg,4,公园,0,1,全天,3,,厦门新市区,118.113014,24.48519902
54,XMN,厦门铁道文化公园,http://i3.sinaimg.cn/blog/2014/1029/S129809T1414550868715.jpg,4,公园,0,1,全天,3,是由一条老铁路改造而成的公园。闽南红砖与砖红色木板铺地，伴铁轨而行，形成独具特色的步道,厦门市思明区文屏路至和平码头之间,118.100471,24.46108103
55,XMN,大嶝岛,http://i3.sinaimg.cn/blog/2014/1029/S129809T1414550868715.jpg,4,其他,0,1,全天,3,, 福建厦门翔安区,118.3367025,24.56220176
56,XMN,筼筜湖,http://i3.sinaimg.cn/blog/2014/1029/S129809T1414550868715.jpg,4,湖泊,0,1,全天,3,厦门市区唯一的人工湖泊，湖泊中央是美丽的白鹭洲，鲜花、绿树、青草、曲径映衬着幢幢现代建筑，一派现代都市气象。,厦门市思明区滨湖南路,118.0959297,24.47748971
57,XMN,虎溪岩,http://i3.sinaimg.cn/blog/2014/1029/S129809T1414550868715.jpg,4,自然保护区,0,1,全天,3,"巨岩下有一棱层洞，洞前石穴中流泉成溪，称""虎溪""。山上岩寺，也名虎溪岩寺。",福建省厦门市思明区虎园路,118.0979904,24.45362763
58,XMN,湖里公园,http://i3.sinaimg.cn/blog/2014/1029/S129809T1414550868715.jpg,4,公园,0,1,全天,3,,厦门市湖里区华泰路32号,118.1127441,24.51052317
59,XMN,景州乐园,http://i3.sinaimg.cn/blog/2014/1029/S129809T1414550868715.jpg,4,公园,0,1,全天,3,在风光秀丽的“黄金海岸”线上，一个高品位的大型游乐园映入眼帘。,厦门市黄厝路35号,118.1445621,24.43681536
60,XMN,五缘湾湿地公园,http://i3.sinaimg.cn/blog/2014/1029/S129809T1414550868715.jpg,4,公园,0,1,全天,3,,湖里区五缘湾(近五缘湾大桥),118.183058,24.524177
61,SZX,深圳世界之窗,http://i3.sinaimg.cn/blog/2014/1029/S129809T1414550868715.jpg,4,其他,0,1,全天,3,国家首批5A级旅游景区，世界各国经典景观的微缩再现，在中国的牌楼下，买一本“护照”，就可以开始“环球之旅”了。,深圳市南山区深南大道9037号,113.979451,22.54013501
62,SZX,深圳欢乐谷,http://i3.sinaimg.cn/blog/2014/1029/S129809T1414550868715.jpg,4,公园,0,1,全天,3,亚太十大主题公园、国家首批5A级旅游景区，内有9大园区，是狂欢者的天堂。,深圳市南山区华侨城西街18号,113.987426,22.54786401
63,SZX,大梅沙,http://i3.sinaimg.cn/blog/2014/1029/S129809T1414550868715.jpg,4,海边,0,1,全天,3,垃圾多多多多多，和朋友一起来玩最有意思，海水清澈，沙子也比较细腻。, 广东省 深圳市 盐田区大梅沙盐梅路9号,114.313731,22.598541
64,SZX,东部华侨城,http://i3.sinaimg.cn/blog/2014/1029/S129809T1414550868715.jpg,4,公园,0,1,全天,3,国内首个集休闲度假、观光旅游、户外运动、科普教育、生态探险等主题于一体的大型综合性国家生态旅游示范区。,广东省深圳市盐田区艺海东路东部华侨城,114.299739,22.62330702
65,SZX,西冲,http://i3.sinaimg.cn/blog/2014/1029/S129809T1414550868715.jpg,4,海边,0,1,全天,3,西冲的海水很干净，海滩漂亮的哦，晚上在这边露营很舒服，很多人。,广东省深圳市龙岗区,114.540823,22.47824203
66,SZX,红树林,http://i3.sinaimg.cn/blog/2014/1029/S129809T1414550868715.jpg,4,自然保护区,0,1,全天,3,我国面积最小的国家级自然保护区，深圳市的绿色长廊。,深圳市福田区滨海大道和深圳湾畔,114.007884,22.532395
67,SZX,仙湖植物园,http://i3.sinaimg.cn/blog/2014/1029/S129809T1414550868715.jpg,4,自然保护区,0,1,全天,3,仙湖是一个还不错的地方，里面的风景很漂亮。门票价格记不清楚了。, 广东省深圳市罗湖区莲塘仙湖路160号,114.177118,22.58155797
68,SZX,东门,http://i3.sinaimg.cn/blog/2014/1029/S129809T1414550868715.jpg,4,其他,0,1,全天,3,东门老街位于深圳市罗湖区中心地段，真实地记录着深圳城市发展的一段历史。,深圳市罗湖区东门中路与解放路交界,114.1279391,22.55236526
69,SZX,小梅沙,http://i3.sinaimg.cn/blog/2014/1029/S129809T1414550868715.jpg,4,海边,0,1,全天,3,环境不错，很美丽的地方，有迷人的海滩，早上的海水最清澈。,广东省深圳市盐田区大鹏湾畔,114.331421,22.608613
70,SZX,大鹏所城,http://i3.sinaimg.cn/blog/2014/1029/S129809T1414550868715.jpg,4,历史建筑,0,1,全天,3,原岭南海防军事要塞，古城中明清民居、青石小巷均值得一游。, 深圳市龙岗区南门西路,114.520021,22.60006198
71,SZX,地王观光,http://i3.sinaimg.cn/blog/2014/1029/S129809T1414550868715.jpg,4,观景台,0,1,全天,3,景观一般，不过很壮观。门票稍贵，只是俯瞰深圳的美景，绝对的壮观。 , 深圳市罗湖区深南东路5002号信兴广场商业中心地王大厦第69层,114.1171836,22.54887528
72,SZX,海上世界,http://i3.sinaimg.cn/blog/2014/1029/S129809T1414550868715.jpg,4,其他,0,1,全天,3,以“明华轮”为中心，集休闲娱乐、餐饮购物、文化艺术于一体，一座应有尽有的国际滨海新城。, 广东省 深圳市 南山区太子路,113.922666,22.489356
73,SZX,深圳园博园,http://i3.sinaimg.cn/blog/2014/1029/S129809T1414550868715.jpg,4,公园,0,1,全天,3,深圳国际园林花卉博览园（简称“园博园”）地处深圳市福田区竹子林西片，面积约66万平方米,广东省深圳市福田区侨城东路深南大道路口,114.0098457,22.54471296
74,SZX,深圳海洋世界,http://i3.sinaimg.cn/blog/2014/1029/S129809T1414550868715.jpg,4,公园,0,1,全天,3,深圳海洋世界又称小梅沙海洋世界位于广东省深圳市东部黄金海岸线上享有“东方夏威夷”美誉的小梅沙海滨旅游区。,广东省深圳市盐田区盐葵路,114.3352563,22.61059845
75,SZX,锦绣中华,http://i3.sinaimg.cn/blog/2014/1029/S129809T1414550868715.jpg,4,公园,0,1,全天,3,目前世界上面积最大、内容最丰富的实景微缩景区。82个景点均按中国版图位置分布，比例大部分按1：15建造。,广东省 深圳市 南山区深南大道,113.9944032,22.53701299
76,SZX,海上田园,http://i3.sinaimg.cn/blog/2014/1029/S129809T1414550868715.jpg,4,其他,0,1,全天,3,是深圳迄今为止最大、最典型的生态文化主题旅游景区，风景还不错。 ,深圳市宝安区沙井西环路,113.775012,22.73840899
77,SZX,中信明思克航母(已关闭),http://i3.sinaimg.cn/blog/2014/1029/S129809T1414550868715.jpg,4,其他,0,1,全天,3,中国乃至世界上第一座以航空母舰为主体的军事主题公园。,广东省深圳市盐田区沙头角,114.247454,22.557908
78,SZX,大芬油画村,http://i3.sinaimg.cn/blog/2014/1029/S129809T1414550868715.jpg,4,其他,0,1,全天,3,全球绘画者集中的油画生产基地。,深圳市龙岗区布吉镇布吉村,114.1422866,22.61306396
79,SZX,中英街,http://i3.sinaimg.cn/blog/2014/1029/S129809T1414550868715.jpg,4,其他,0,1,全天,3,英国殖民主义者强行租借的老街，“一街两制”为独特的人文景观。, 广东省深圳市盐田区,114.238608,22.55164198
80,SZX,东冲西冲,http://i3.sinaimg.cn/blog/2014/1029/S129809T1414550868715.jpg,4,海边,0,1,全天,3,深圳最美的海岸线，海水很干净漂亮啊，而且很美的沙滩，水比较清澈。, 深圳市龙岗区南澳镇,114.5386393,22.4843601
81,SZX,凤凰山,http://i3.sinaimg.cn/blog/2014/1029/S129809T1414550868715.jpg,4,山峰,0,1,全天,3,凤山福水福盈地，文天祥后代于此山脚世代居住，登高南瞰深圳湾。, 深圳市宝安区福永街道凤凰村,113.862371,22.678375
82,SZX,光明农场,http://i3.sinaimg.cn/blog/2014/1029/S129809T1414550868715.jpg,4,其他,0,1,全天,3,“绿色食品之国，农业旅游圣地”，可品尝乳鸽、牛奶、水果，观赏乳牛、落地皇鸽。, 深圳市宝安区光明街道,113.9496771,22.77107996
83,SZX,荷兰花卉小镇,http://i3.sinaimg.cn/blog/2014/1029/S129809T1414550868715.jpg,4,其他,0,1,全天,3,荷兰花卉小镇主打“花文化”，是一个集休闲、科普为一体的特色公园。,,113.916724,22.54885
84,SZX,马峦山,http://i3.sinaimg.cn/blog/2014/1029/S129809T1414550868715.jpg,4,山峰,0,1,全天,3,这里有深圳最大的瀑布，在这里可以远足登山、观海观瀑。, 深圳市东部山区,114.283854,22.66354401
85,SZX,青青世界,http://i3.sinaimg.cn/blog/2014/1029/S129809T1414550868715.jpg,4,海边,0,1,全天,3,景色是相当的美丽啦，空气还是很不错的。里面的环境也还比较不错。, 广东省 深圳市 南山区月亮湾青青街1号,113.9069352,22.51181628
86,SZX,中国民俗文化村,http://i3.sinaimg.cn/blog/2014/1029/S129809T1414550868715.jpg,4,公园,0,1,全天,3,中国第一个荟萃各民族民间艺术、民俗风情和民居建筑于一园的大型文化旅游景区。, 深圳市深南大道9005,113.991682,22.53628103
87,SZX,野生动物园,http://i3.sinaimg.cn/blog/2014/1029/S129809T1414550868715.jpg,4,公园,0,1,全天,3,我国第一家亚热带新型园林生态环境风景区，荣获“中华之最”光荣称号。, 深圳市南山区西丽湖东侧4065,113.97508,22.60093299
88,SZX,荔枝公园,http://i3.sinaimg.cn/blog/2014/1029/S129809T1414550868715.jpg,4,公园,0,1,全天,3,,广东省 深圳市 南山区沙河西路5002号,114.109054,22.55295988
89,SZX,罗湖口岸,http://i3.sinaimg.cn/blog/2014/1029/S129809T1414550868715.jpg,4,其他,0,1,全天,3,罗湖口岸位于深圳罗湖商业中心南侧，与香港新界一河之隔，深港两地由一座双层人行桥和一座铁路桥相连。,广东省深圳市福田区人民南路,114.124778,22.53494001
90,SZX,梧桐山,http://i3.sinaimg.cn/blog/2014/1029/S129809T1414550868715.jpg,4,山峰,0,1,全天,3,梧桐山是深圳郊区登山游览的好地方，空气还是很清新的，梧桐山植被茂密。, 深圳市莲塘罗沙路2076号,114.20209,22.59547004
91,SZX,华侨城创意文化园,http://i3.sinaimg.cn/blog/2014/1029/S129809T1414550868715.jpg,4,其他,0,1,全天,3,,深圳华侨城原东部工业区内,113.9999187,22.54262966
92,SZX,欢乐海岸,http://i3.sinaimg.cn/blog/2014/1029/S129809T1414550868715.jpg,4,其他,0,1,全天,3,, 广东省深圳市南山区白石路东8号欢乐海岸水秀剧场,113.998705,22.53297198
93,SZX,深圳博物馆,http://i3.sinaimg.cn/blog/2014/1029/S129809T1414550868715.jpg,4,其他,0,1,全天,3,, 广东省深圳市福田区同心路6号,114.068363,22.54931696
94,SZX,洪湖公园,http://i3.sinaimg.cn/blog/2014/1029/S129809T1414550868715.jpg,4,公园,0,1,全天,3,, ,114.126331,22.57517402
95,SZX,旧天堂书店,http://i3.sinaimg.cn/blog/2014/1029/S129809T1414550868715.jpg,4,购物娱乐,0,1,全天,3,,深圳市南山区华侨城创意园北区A5栋120#,113.99929,22.54602476
96,SZX,深圳湾公园,http://i3.sinaimg.cn/blog/2014/1029/S129809T1414550868715.jpg,4,公园,0,1,全天,3,,滨海大道(近望海路),113.958905,22.505047
97,SZX,三门岛,http://i3.sinaimg.cn/blog/2014/1029/S129809T1414550868715.jpg,4,海边,0,1,全天,3,湛蓝的海水，纯白的沙滩，当你厌倦了那些满是游人的海滩，三门岛绝对会给你天堂般的感受。, 深圳东部海域大亚湾与大鹏湾交汇处,114.646742,22.46636899
98,SZX,深圳莲花山公园,http://i3.sinaimg.cn/blog/2014/1029/S129809T1414550868715.jpg,4,公园,0,1,全天,3,雨后的莲花山公园很幽静迷人，很清新的空气。莲花山并不险峻雄伟。,深圳市福田区红荔路6030号(儿童医院对面),114.064025,22.56012202
99,SZX,羊台山森林公园,http://i3.sinaimg.cn/blog/2014/1029/S129809T1414550868715.jpg,4,其他,0,1,全天,3,, 广东省深圳市宝安区,113.986607,22.66861404
100,SZX,华侨城,http://i3.sinaimg.cn/blog/2014/1029/S129809T1414550868715.jpg,4,其他,0,1,全天,3,这里长年繁花似锦、绿树成荫，汇聚了中国最为集中的文化主题公园群、文化主题酒店群和文化艺术设施群，,广东省深圳市南山区华侨城,113.991297,22.54481902
101,SZX,观澜版画村,http://i3.sinaimg.cn/blog/2014/1029/S129809T1414550868715.jpg,4,其他,0,1,全天,3,,宝安区观澜大水田,114.095166,22.74853901
102,SZX,南头古城,http://i3.sinaimg.cn/blog/2014/1029/S129809T1414550868715.jpg,4,城市,0,1,全天,3,,南山区南山大道3109号中山公园南侧(近深南大道北侧),113.929808,22.54923802
103,SZX,杨梅坑,http://i3.sinaimg.cn/blog/2014/1029/S129809T1414550868715.jpg,4,其他,0,1,全天,3,杨梅坑是由两条大坑汇合而成。一条是正尾坑，源头在大雁顶与三角山之间。,广东深圳龙岗区,114.5786989,22.54872425
104,SZX,西丽果场,http://i3.sinaimg.cn/blog/2014/1029/S129809T1414550868715.jpg,4,乡村,0,1,全天,3,青山绿水赏心悦目，颗颗红荔甜上心头，品荔节定会让你感受到“日啖荔枝三百颗、不辞长作岭南人”的快乐和惬意！, 南山区沙河西路5002号(近西丽湖),113.9450548,22.6069735
105,SZX,坝光村,http://i3.sinaimg.cn/blog/2014/1029/S129809T1414550868715.jpg,4,其他,0,1,全天,3,, 龙岗区葵涌镇坝光村(近塩坝高速终点站),114.505213,22.65118691
106,SZX,仙人掌沙滩,http://i3.sinaimg.cn/blog/2014/1029/S129809T1414550868715.jpg,4,其他,0,1,全天,3,,广东省深圳市龙岗区,114.54329,22.48093401
107,SZX,欢乐干线,http://i3.sinaimg.cn/blog/2014/1029/S129809T1414550868715.jpg,4,公园,0,1,全天,3,,广东省 深圳市 南山区华侨区,113.9937623,22.53907768
108,SZX,大鹏半岛,http://i3.sinaimg.cn/blog/2014/1029/S129809T1414550868715.jpg,4,其他,0,1,全天,3,包括大鹏、葵涌、南澳，形似哑铃，奇峰多、沙滩软，被誉为深圳的“桃花源”。, ,114.5626983,22.52364321
109,SZX,茵特拉根小镇,http://i3.sinaimg.cn/blog/2014/1029/S129809T1414550868715.jpg,4,其他,0,1,全天,3,深圳茵特拉根小镇是在深圳盐田区的东部华侨城，中国人来这里看到的是欧洲瑞士阿尔卑斯山麓茵特拉根的建筑、赛马特的花卉、谢菲尔德的彩绘等多种题材和元素的风光；欧洲人来这里仿佛是回到了家乡。深圳人喜欢人造风景，而且都是大手笔。华侨城人把欧洲山地小镇搬迁到了深圳东部三洲田的山谷中。,深圳盐田区的东部华侨城,114.282588,22.63874897
110,SZX,何香凝美术馆,http://i3.sinaimg.cn/blog/2014/1029/S129809T1414550868715.jpg,4,展馆,0,1,全天,3,,,113.9881119,22.53923332
111,CAN,莲花山,http://i3.sinaimg.cn/blog/2014/1029/S129809T1414550868715.jpg,4,山峰,0,1,全天,3,莲花山上或悬崖峭壁，或奇岩异洞，风景很不错，感觉还挺好玩。,广州市番禺区市桥禺山大道西横江村侧,113.510307,22.99008898
112,SZX,深圳东湖公园,http://i3.sinaimg.cn/blog/2014/1029/S129809T1414550868715.jpg,4,公园,0,1,全天,3,水库公园，感受流动与轻灵气息。,罗湖区爱国路4006号东湖公园内（近人民检察院侧门）,114.155441,22.57112997
113,SZX,弘法寺,http://i3.sinaimg.cn/blog/2014/1029/S129809T1414550868715.jpg,4,宗教场所,0,1,全天,3,,莲塘仙湖路160号仙湖植物园内,114.187984,22.58363199
114,SZX,大梅沙海滨栈道,http://i3.sinaimg.cn/blog/2014/1029/S129809T1414550868715.jpg,4,自然保护区,0,1,全天,3,,深圳市西起盐田东港区，东至大梅沙海滨公园,114.312292,22.58757598
115,SZX,福田口岸,http://i3.sinaimg.cn/blog/2014/1029/S129809T1414550868715.jpg,4,其他,0,1,全天,3,,广东省深圳市福田区福田口岸,114.076503,22.521286
116,SZX,桔钓沙,http://i3.sinaimg.cn/blog/2014/1029/S129809T1414550868715.jpg,5,其他,0,1,全天,3,,广东省深圳市龙岗区南澳镇东部沿海,114.5652863,22.5646389
117,SZX,七娘山,http://i3.sinaimg.cn/blog/2014/1029/S129809T1414550868715.jpg,4,其他,0,1,全天,3,,广东省深圳市龙岗区,114.557018,22.53197302
118,SZX,邓小平画像,http://i3.sinaimg.cn/blog/2014/1029/S129809T1414550868715.jpg,4,其他,0,1,全天,3,,,114.110612,22.54751103
119,SZX,浪漫欧洲,http://i3.sinaimg.cn/blog/2014/1029/S129809T1414550868715.jpg,5,其他,0,1,全天,3,, 广东省深圳市南山区华侨城世界之窗景区内,113.9815754,22.54174677
120,SZX,观澜山水田园漂流,http://i3.sinaimg.cn/blog/2014/1029/S129809T1414550868715.jpg,4,其他,0,1,全天,3,,广东省深圳市宝安区观澜镇君子布村环观南路观澜山水田园农庄,114.1121711,22.7236491
121,CAN,沙面,http://i3.sinaimg.cn/blog/2014/1029/S129809T1414550868715.jpg,4,其他,0,1,全天,3,树木茂密，很幽静很有特色。而且保存的很好，建筑很有风格。 ,广州市珠江岔口白鹅潭畔,113.251313,23.11276697
122,CAN,石室圣心大教堂,http://i3.sinaimg.cn/blog/2014/1029/S129809T1414550868715.jpg,4,宗教场所,0,1,全天,3,环境很幽静，圣洁而美丽。虔诚的信徒，一走进去就很庄严神圣的感觉。, 广东省广州市一德路,113.2665719,23.12037914
123,CAN,白云山,http://i3.sinaimg.cn/blog/2014/1029/S129809T1414550868715.jpg,4,山峰,0,1,全天,3,羊城第一秀，如今已成为城市的天然氧吧。, 广园中路白云山南路,113.306262,23.19147803
124,CAN,长隆欢乐世界,http://i3.sinaimg.cn/blog/2014/1029/S129809T1414550868715.jpg,5,公园,0,1,全天,3,机动设施非常充足，收费稍贵，但是很有特色，马戏很好看。,广东省广州市番禺区迎宾路,113.337899,23.00524101
125,CAN,上下九步行街,http://i3.sinaimg.cn/blog/2014/1029/S129809T1414550868715.jpg,4,其他,0,1,全天,3,很好的逛街的地方，无论是公交还是地铁都很方便。老字号味道还不错。,广州市荔湾区上九路、下九路、第十甫路,113.252412,23.119545
126,CAN,越秀公园,http://i3.sinaimg.cn/blog/2014/1029/S129809T1414550868715.jpg,4,公园,0,1,全天,3,越秀山以西汉时南越王赵佗曾在山上建“朝汉台”而得名，著名古迹镇海楼。,广东省 广州市 越秀区解放北路960号,113.2680386,23.1483516
127,CAN,岭南印象园,http://i3.sinaimg.cn/blog/2014/1029/S129809T1414550868715.jpg,4,其他,0,1,全天,3,空气很新鲜，总体不错，而且环境很好。享受各种美食，很适合拍照。, 广州大学城外环西路岭南印象园,113.4118787,23.04145445
128,CAN,中山大学,http://i3.sinaimg.cn/blog/2014/1029/S129809T1414550868715.jpg,4,学校,0,1,全天,3,在广州难得一见的幽静地方，里面的风景也不错。建筑很有代表性格调很好。,广州市新港西路135号,113.305224,23.09940904
129,CAN,广州动物园,http://i3.sinaimg.cn/blog/2014/1029/S129809T1414550868715.jpg,4,公园,0,1,全天,3,总体满意，只是里面的小卖部卖的东西好贵。地方很好找，但就是假期人太多。,广州市先烈中路120号,113.311777,23.14761905
130,CAN,黄埔军校旧址,http://i3.sinaimg.cn/blog/2014/1029/S129809T1414550868715.jpg,4,历史遗址,0,1,全天,3,史迹丰富，山水相隔，已初步重现划昔日风姿，爱国主义教育的好地方。,黄埔区长洲岛,113.430924,23.09206004
131,CAN,广州塔,http://i3.sinaimg.cn/blog/2014/1029/S129809T1414550868715.jpg,4,现代建筑,0,1,全天,3,总高度600米，广州的新地标，一座以观光旅游为主，具有广播电视发射、文化娱乐和城市窗口功能的大型城市基础设施。,广州塔位于广州市中心,113.3311214,23.11220433
132,CAN,红专厂,http://i3.sinaimg.cn/blog/2014/1029/S129809T1414550868715.jpg,4,其他,0,1,全天,3,是城市中心难得的集时代气息、艺术、创意、文化于一体的生活体验区。,天河区员村四横路128号D1栋(近美林海岸),113.377298,23.1165
133,CAN,大夫山,http://i3.sinaimg.cn/blog/2014/1029/S129809T1414550868715.jpg,4,自然保护区,0,1,全天,3,公园里踩单车挺好玩的，适合骑单车和锻炼的地方，而且公园环境很好。, 番禺区禺山西路688号,113.315329,22.95581202
134,CAN,陈家祠,http://i3.sinaimg.cn/blog/2014/1029/S129809T1414550868715.jpg,4,宗教场所,0,1,全天,3,中国清代宗祠建筑，典型的南方古建筑，工艺非常精湛，文化气息浓厚。 , 中山七路恩龙里34号,113.253043,23.132023
135,CAN,白水寨,http://i3.sinaimg.cn/blog/2014/1029/S129809T1414550868715.jpg,4,瀑布,0,1,全天,3,被誉为“北回归线上的瑰丽翡翠”。有全国唯一用海船木建造的亲水栈道以及广东最长的登山步道“天南第一梯”。,增城派潭镇白水寨风景名胜区,113.7703928,23.58649719
136,CAN,中山纪念堂,http://i3.sinaimg.cn/blog/2014/1029/S129809T1414550868715.jpg,4,公园,0,1,全天,3,感觉特别宏伟，建筑上的彩绘很漂亮。环境挺优美安静。, 广州市东风中路259号,113.271219,23.13969698
137,CAN,小洲村,http://i3.sinaimg.cn/blog/2014/1029/S129809T1414550868715.jpg,4,乡村,0,1,全天,3,环境很美，很多有特色的东西，沿着错综的巷陌，安静地看看安然的样子。, ,113.3653918,23.06629369
138,CAN,南沙天后宫,http://i3.sinaimg.cn/blog/2014/1029/S129809T1414550868715.jpg,4,宗教场所,0,1,全天,3,依山傍水，其规模是现今世界同类建筑之最，被誉为“天下天后第一宫”。, 南沙区大角山东南麓,113.621288,22.76185201
139,CAN,南越王墓博物馆,http://i3.sinaimg.cn/blog/2014/1029/S129809T1414550868715.jpg,4,展馆,0,1,全天,3,南越王墓博物馆是岭南地区年代最早的一座大型彩绘石室墓，是近年来我国五大考古发现之一。,广东省 广州市 越秀区解放北路867号,113.267933,23.14398501
140,CAN,广州大学城,http://i3.sinaimg.cn/blog/2014/1029/S129809T1414550868715.jpg,4,学校,0,1,全天,3,环境优美，非常宽敞。很适合骑车游玩，娱乐休闲场所、美食聚集地也很多。, 广东省广州市番禺区,113.4008497,23.06440922
141,CAN,宝墨园,http://i3.sinaimg.cn/blog/2014/1029/S129809T1414550868715.jpg,4,乡村,0,1,全天,3,空气很好，人很多，但是比南粤苑大很多。岭南水乡特色，精致的园林。,番禺区沙湾镇紫坭村,113.300784,22.90117098
142,CAN,华南植物园,http://i3.sinaimg.cn/blog/2014/1029/S129809T1414550868715.jpg,4,公园,0,1,全天,3,植物园风景优美，空气清新，清凉而惬意，温室景区非常漂亮，票价较贵。, 广东省 广州市 天河区兴科路723号,113.372919,23.18863604
143,CAN,珠江,http://i3.sinaimg.cn/blog/2014/1029/S129809T1414550868715.jpg,4,河流,0,1,全天,3,广府文化随珠江而流传，珠江可谓是广州的母亲河。珠江晚上夜景很美。,,113.3916627,23.11409144
144,CAN,长隆水上乐园,http://i3.sinaimg.cn/blog/2014/1029/S129809T1414550868715.jpg,5,其他,0,1,全天,3,目前世界上至大、至先进、水上游乐项目至多的大型水上乐园。, 广州番禺番禺大道,113.330685,23.00828003
145,CAN,长隆野生动物世界,http://i3.sinaimg.cn/blog/2014/1029/S129809T1414550868715.jpg,5,公园,0,1,全天,3,中国最具国际水准的国家级野生动物园。其中动物表演驰名国内外。,广东省广州市番禺区大石街,113.320737,23.00739801
146,CAN,百万葵园,http://i3.sinaimg.cn/blog/2014/1029/S129809T1414550868715.jpg,4,公园,0,1,全天,3,百万葵园距离市区较远，环境很美，只是整个园区很小。 , 广州市番禺区南沙区新垦镇,113.625673,22.635207
147,CAN,西关古老大屋,http://i3.sinaimg.cn/blog/2014/1029/S129809T1414550868715.jpg,4,历史建筑,0,1,全天,3,西关是广州的旧称，这一带拥有典型的传统旧屋，这些老屋过去多是豪门富商的住宅，高大明亮、装饰精美。, 广州市十三甫正街15号,113.242575,23.12543501
148,CAN,海心沙,http://i3.sinaimg.cn/blog/2014/1029/S129809T1414550868715.jpg,4,其他,0,1,全天,3,上游不远为二沙岛与广州大桥，下游不远处是新建成的猎德大桥，适合拍照。, 天河区珠江新城临江大道(近广州歌剧院),113.330888,23.117287
149,CAN,云台花园,http://i3.sinaimg.cn/blog/2014/1029/S129809T1414550868715.jpg,4,公园,0,1,全天,3,背依白云山的云台岭、园中遍植中外四季名贵花卉，是我国最大的园林式花园。,广州白云山入口处,113.2961369,23.16352664
150,CAN,光孝寺,http://i3.sinaimg.cn/blog/2014/1029/S129809T1414550868715.jpg,4,历史建筑,0,1,全天,3,羊城年代最古、规模最大的佛教名刹，来这气势十分雄伟寺院，结构威严壮丽殿宇膜拜。, 广东省广州市越秀区光孝路109号,113.2626786,23.13461449
151,CAN,石门国家森林公园,http://i3.sinaimg.cn/blog/2014/1029/S129809T1414550868715.jpg,4,自然保护区,0,1,全天,3,空气非常好，三四月份天池花海的油菜花地很漂亮，而且石门公园也非常棒。 , ,113.7737525,23.63410421
152,CAN,香草世界,http://i3.sinaimg.cn/blog/2014/1029/S129809T1414550868715.jpg,4,公园,0,1,全天,3,华南地区最大的香草主题公园，收集和引种了世界各地著名香草，种植不同品种花卉。,广州市花都区花山镇,113.2673417,23.46771197
153,CAN,火炉山,http://i3.sinaimg.cn/blog/2014/1029/S129809T1414550868715.jpg,4,公园,0,1,全天,3,因山上泥土为红色而称为火炉山，是休闲游玩的理想之地。,广州市天河区,113.405499,23.19063701
154,CAN,广州荔枝湾涌,http://i3.sinaimg.cn/blog/2014/1029/S129809T1414550868715.jpg,4,城市,0,1,全天,3,, 广东省广州市荔湾区荔枝湾路(近泮溪酒家),113.244637,23.12759904
155,CAN,广州海洋馆,http://i3.sinaimg.cn/blog/2014/1029/S129809T1414550868715.jpg,4,其他,0,1,全天,3,广州海洋馆里风景很好，算是不错的地方，但就是人太多，表演很精彩。,广东省广州市越秀区先烈中路120号动物园内,113.3099663,23.14992078
156,CAN,流溪河国家森林公园,http://i3.sinaimg.cn/blog/2014/1029/S129809T1414550868715.jpg,4,自然保护区,0,1,全天,3,有着亚热带森林特色，被誉为镶嵌在北回归线的一颗绿色明珠。 ,广东省广州市从化市良口镇流溪河林场,113.789926,23.75663301
157,CAN,珠江夜游,http://i3.sinaimg.cn/blog/2014/1029/S129809T1414550868715.jpg,4,河流,0,1,全天,3,视野很开阔，在彩灯照耀下珠江的夜色非常迷人，珠江夜景很美。,珠江广州河段,113.277484,23.12108899
158,CAN,碧水湾温泉,http://i3.sinaimg.cn/blog/2014/1029/S129809T1414550868715.jpg,5,温泉,0,1,全天,3,碧水湾温泉度假村位于广州从化流溪河畔，四周层峦叠嶂，树木葱郁。,广州从化流溪温泉度假区（良口）。,113.7227826,23.70550465
159,CAN,南沙湿地公园,http://i3.sinaimg.cn/blog/2014/1029/S129809T1414550868715.jpg,4,公园,0,1,全天,3,誉为“广州之肾”，风景优美，碧波荡漾、绿树成荫、荷花飘香、万鸟齐飞。,广州市南沙区万顷沙镇新港大道1号,113.645712,22.61614603
160,CAN,天河公园,http://i3.sinaimg.cn/blog/2014/1029/S129809T1414550868715.jpg,4,其他,0,1,全天,3,, ,113.372814,23.13426105
161,CAN,广州博物馆,http://i3.sinaimg.cn/blog/2014/1029/S129809T1414550868715.jpg,4,展馆,0,1,全天,3,我国最早期创建的博物馆之一，址镇海楼距今已有六百多年的历史，是广州著名的古建筑，被誉为“五岭以南第一楼”。, 广州市越秀山镇海楼,113.2720135,23.14414482
162,CAN,广东省博物馆,http://i3.sinaimg.cn/blog/2014/1029/S129809T1414550868715.jpg,4,展馆,0,1,全天,3,,广东省广州市天河区珠江东路2号,113.333241,23.12047503
163,CAN,余荫山房,http://i3.sinaimg.cn/blog/2014/1029/S129809T1414550868715.jpg,4,其他,0,1,全天,3,建筑了深柳堂、玲珑水榭、来薰亭、孔雀亭和廊桥等，布局巧妙，建筑紧凑。,广州市番禺区南村镇北大街余荫山房,113.401845,23.0180264
164,CAN,广州塔广场,http://i3.sinaimg.cn/blog/2014/1029/S129809T1414550868715.jpg,4,其他,0,1,全天,3,,广州市海珠区阅江西路222号广州塔下,113.3309951,23.11223324
165,CAN,黄埔古港景观区,http://i3.sinaimg.cn/blog/2014/1029/S129809T1414550868715.jpg,4,其他,0,1,全天,3,, 石基路528附近,113.396505,23.09341297
166,CAN,麓湖公园,http://i3.sinaimg.cn/blog/2014/1029/S129809T1414550868715.jpg,4,其他,0,1,全天,3,山水园林公园，马尾松、台湾相思桉、竹混交成林，内有为纪念冼星海而建的星海园。,广州市越秀区广园中路麓景路11号,113.290041,23.15514199
167,CAN,TIT创意园,http://i3.sinaimg.cn/blog/2014/1029/S129809T1414550868715.jpg,4,其他,0,1,全天,3,, 新港中路,113.330357,23.10334898
168,CAN,黄花岗公园,http://i3.sinaimg.cn/blog/2014/1029/S129809T1414550868715.jpg,4,公园,0,1,全天,3,黄花浩气之地，是为纪念孙中山先生领导的同盟会在广州“三·二九”起义战役中牺牲的烈士而建的。,广东省广州市越秀区先烈中路79号,113.301578,23.14632798
169,CAN,北京路千年古道遗址,http://i3.sinaimg.cn/blog/2014/1029/S129809T1414550868715.jpg,4,其他,0,1,全天,3,,北京路(近中山五路),113.2752801,23.13126371
170,CAN,溪头村,http://i3.sinaimg.cn/blog/2014/1029/S129809T1414550868715.jpg,4,乡村,0,1,全天,3,,广州市从化市,113.87421,23.71972112
171,CAN,南海神庙,http://i3.sinaimg.cn/blog/2014/1029/S129809T1414550868715.jpg,4,其他,0,1,全天,3,中国古代人民祭海的场所，是我国古代海神庙中惟一遗存下来的最完整的建筑群。,广州市黄埔区南岗镇庙头村旭日街22号,113.502888,23.08624898
172,CAN,南湖游乐园,http://i3.sinaimg.cn/blog/2014/1029/S129809T1414550868715.jpg,4,公园,0,1,全天,3,乐园依山傍水，环境优雅，风景秀丽，空气清新怡人，轻松有趣的儿童天地。,广州市白云区广州大道北983号南湖游乐园,113.341016,23.22655398
173,CAN,天河体育中心,http://i3.sinaimg.cn/blog/2014/1029/S129809T1414550868715.jpg,4,现代建筑,0,1,全天,3,天河体育中心位于市区东部，毗邻火车东站，是广州目前最大的体育场地。, 广东省广州市天河区,113.334678,23.14077001
174,CAN,广州起义烈士陵园,http://i3.sinaimg.cn/blog/2014/1029/S129809T1414550868715.jpg,4,其他,0,1,全天,3,,广州市越秀区中山二路92号,113.29253,23.13558198
175,CAN,十香园,http://i3.sinaimg.cn/blog/2014/1029/S129809T1414550868715.jpg,4,公园,0,1,全天,3,清末著名画家居廉、居巢兄弟的居住、作画及授徒之所, 广州市怀德大街3号,113.280322,23.09864397
176,CAN,流花湖公园,http://i3.sinaimg.cn/blog/2014/1029/S129809T1414550868715.jpg,4,其他,0,1,全天,3,,广州市越秀区流花路100号,113.256296,23.14216401
177,CAN,帽峰山,http://i3.sinaimg.cn/blog/2014/1029/S129809T1414550868715.jpg,4,山峰,0,1,全天,3,,广州市白云区太和镇与良田镇交界处 ?,113.4692574,23.3082764
178,CAN,沙湾古镇,http://i3.sinaimg.cn/blog/2014/1029/S129809T1414550868715.jpg,4,古镇,0,1,全天,3,显得挺安静的。推荐炸牛奶，可以品尝特色的姜撞奶，很有地道的岭南风味。 ,广东省广州市番禺区沙湾大巷涌路10号,113.337778,22.909732
179,CAN,花城广场,http://i3.sinaimg.cn/blog/2014/1029/S129809T1414550868715.jpg,4,其他,0,1,全天,3,,,113.331209,23.13159098
